<PAMDataset>
  <Metadata>
    <MDI key="PCRASTER_VALUESCALE">VS_ORDINAL</MDI>
  </Metadata>
  <PAMRasterBand band="1">
    <Histograms>
      <HistItem>
        <HistMin>-0.4285714285714285</HistMin>
        <HistMax>6.428571428571429</HistMax>
        <BucketCount>7</BucketCount>
        <IncludeOutOfRange>0</IncludeOutOfRange>
        <Approximate>0</Approximate>
        <HistCounts>34|790|262|1355|1741|776|533</HistCounts>
      </HistItem>
    </Histograms>
    <Metadata>
      <MDI key="STATISTICS_MAXIMUM">6</MDI>
      <MDI key="STATISTICS_MEAN">3.5368785285012</MDI>
      <MDI key="STATISTICS_MINIMUM">0</MDI>
      <MDI key="STATISTICS_STDDEV">1.465146718818</MDI>
      <MDI key="STATISTICS_VALID_PERCENT">35.67</MDI>
    </Metadata>
  </PAMRasterBand>
</PAMDataset>
